<theme>
	<formatVersion>4</formatVersion>

	<view name="system">
		<sound name="directory">
			<path>./common/music</path>
		</sound>
		<image name="background" extra="true">
			<tile>true</tile>
			<size>1 1</size>
			<pos>0 0</pos>
			<origin>0 0</origin>
			<path>./common/data/background.jpg</path>
		</image>
		<helpsystem name="help">
			<textColor>c1c1c1</textColor>
			<iconColor>c1c1c1</iconColor>
		</helpsystem>
		<text name="logoText">
			<color>c1c1c1</color>
		</text>
	</view>

	<view name="basic, detailed">
		<helpsystem name="help">
			<textColor>c1c1c1</textColor>
			<iconColor>c1c1c1</iconColor>
		</helpsystem>
		<text name="md_lbl_releasedate, 
					md_lbl_developer, 
					md_lbl_publisher, 
					md_lbl_genre, 
					md_lbl_lastplayed, 
					md_lbl_playcount, 
					md_lbl_favorite, 
					md_lbl_players,
					md_lbl_rating,
					md_developer, 
					md_publisher, 
					md_genre, 
					md_players, 
					md_playcount, 
					md_favorite, 
					md_rating">
			<color>262626</color>
			<fontPath>./common/data/ubuntu_condensed.ttf</fontPath>
			<fontSize>0.02</fontSize>
			<size>0.12 0.02</size>
		</text>
		<datetime name="md_releasedate, md_lastplayed">
			<color>262626</color>
			<fontPath>./common/data/ubuntu_condensed.ttf</fontPath>
			<fontSize>0.02</fontSize>
			<size>0 0.02</size>
			<pos>-50 -50</pos>
		</datetime>
		<textlist name="gamelist">
			<selectorColor>262626</selectorColor>
			<selectedColor>9f9f9f</selectedColor>
			<primaryColor>262626</primaryColor>
			<secondaryColor>4d4d4d</secondaryColor>
			<fontPath>./common/data/ubuntu_condensed.ttf</fontPath>
			<fontSize>0.022</fontSize>			
		</textlist>
	</view>	

	<view name="basic">
		<image name="background" extra="true">
			<tile>true</tile>
			<size>1 1</size>
			<pos>0 0</pos>
			<origin>0 0</origin>
			<path>./common/data/background.jpg</path>
		</image>
		<image name="backtext1" extra="true">
			<pos>0.02 0.19</pos>
			<size>0.96 0.735</size>
			<origin>0 0</origin>
			<color>9F9F9F</color>
			<path>./data/back90.png</path>
		</image>
		<textlist name="gamelist">
			<pos>0.24 0.21</pos>
			<size>0.52 0.695</size>
			<alignment>center</alignment>
			<horizontalMargin>0.01</horizontalMargin>
		</textlist>
	</view>

	<view name="detailed">
		<image name="background" extra="true">
			<tile>true</tile>
			<size>1 1</size>
			<pos>0 0</pos>
			<origin>0 0</origin>
			<path>./common/data/Black.jpg</path>
		</image>

		<rating name="md_rating">
			<pos>0.1 0.73</pos>
			<filledPath>./common/data/star_filled_spacing.svg</filledPath>
			<unfilledPath>./common/data/star_hollow_3_spacing.svg</unfilledPath>
			<size>0.15 0</size>
		</rating>

		<image name="backtext2" extra="true">
			<pos>0.24 0.21</pos>
			<size>0.52 0.695</size>
			<origin>0 0</origin>
			<path>./data/back.png</path>
			<color>050505</color>
		</image>

		<!-- Screenshot -->
		<image name="md_image">
		  <pos>0 0</pos>
		  <maxSize>1 1</maxSize>
		  <origin>0 0</origin>
		</image>

		<!-- Compteur -->
		<text name="md_playcount">
			<color>FFFFFF</color>
			<alignment>center</alignment>
			<fontPath>./common/data/Roboto-Light.ttf</fontPath>
			<fontSize>0.03</fontSize>
			<size>0.033 0.046</size>
			<pos>0.074 0.798</pos>
		</text>
		
		<image name="md_favorite">
			<pos>0.03 0.845</pos>
			<path>./common/data/favorite.png</path>
			<maxSize>0.141 0.034</maxSize>
			<origin>0 0</origin>
		</image>
		
		<!-- Genre 	-->
		<text name="md_genre">
			<fontPath>./common/data/VGGenreFont.ttf</fontPath>
			<alignment>center</alignment>
			<fontSize>0.10</fontSize>
			<pos>0.013 0.709</pos>
			<size>0.087 0.117</size>		
			<color>1B1B1B</color>			
		</text>	
		
		<!-- Nb joueurs -->
		<text name="md_players">
			<fontPath>./common/data/VGGenreFont.ttf</fontPath>
			<alignment>center</alignment>
			<fontSize>0.07</fontSize>
			<size>0.16 0.059</size>
			<pos>0.024 0.85</pos>
			<color>FFFFFF</color>
		</text>

		<!-- Release date -->
		<datetime name="md_releasedate">
			<color>FFFFFF</color>
			<fontPath>./common/data/Roboto-Light.ttf</fontPath>
			<fontSize>0.02</fontSize>
			<size>0.1 0.03</size>
			<pos>0.117 0.806</pos>
		</datetime>

		<!-- Developpeur -->
		<text name="md_developer">
			<color>FFFFFF</color>
			<fontPath>./common/data/Roboto-Light.ttf</fontPath>
			<fontSize>0.02</fontSize>
			<size>0.09 0.03</size>
			<pos>-50 -50</pos>
		</text>

		<!-- Editeur -->
		<text name="md_publisher">
			<color>FFFFFF</color>
			<fontPath>./common/data/Roboto-Light.ttf</fontPath>
			<fontSize>0.02</fontSize>
			<size>0.2 0.03</size>
			<pos>0.18 0.806</pos>
		</text>

		
		<!-- GameList -->		
		<textlist name="gamelist">
			<selectorColor>262626</selectorColor>
			<selectedColor>FFFFFF</selectedColor>
			<primaryColor>9f9f9f</primaryColor>
			<secondaryColor>4d4d4d</secondaryColor>
			<pos>0.766 0.098</pos>
			<size>0.235 0.837</size>
			<alignment>left</alignment>
			<horizontalMargin>0.015</horizontalMargin>
		</textlist>

				
		<!-- Ignore -->
		<text name="md_lbl_genre"><pos>-50 -50</pos></text>
		<text name="md_lbl_releasedate"><pos>-50 -50</pos></text>
		<text name="md_lbl_developer"><pos>-50 -50</pos></text>
		<text name="md_lbl_publisher"><pos>-50 -50</pos></text>
		<text name="md_lbl_lastplayed"><pos>-50 -50</pos></text>
		<datetime name="md_lastplayed"><pos>-50 -50</pos></datetime>
		<text name="md_lbl_playcount"><pos>-50 -50</pos></text>
		<text name="md_lbl_rating"><pos>-50 -50</pos></text>
		<text name="md_lbl_players"><pos>-50 -50</pos></text>
		<text name="md_lbl_favorite"><pos>-50 -50</pos></text>
		<text name="md_favorite"><pos>-50 -50</pos></text>
		<text name="md_lbl_playcount"><pos>-50 -50</pos></text>
		<text name="md_description"><pos>-50 -50</pos></text>


	</view>
</theme>
